[
  {
    "id": "5e77cd00-6c96-470a-914b-a8bb3675e17e",
    "data": [
      {
        "text": "cuanto cuestan los burritos",
        "userDefined": false
      }
    ],
    "isTemplate": false,
    "count": 0,
    "lang": "en",
    "updated": 0
  },
  {
    "id": "e01d85b5-09c2-4d34-9e5a-ef3b274f5b38",
    "data": [
      {
        "text": "que precio tienen los burritos",
        "userDefined": false
      }
    ],
    "isTemplate": false,
    "count": 0,
    "lang": "en",
    "updated": 0
  }
]