[
  {
    "id": "1ccf1c06-8827-4976-a5f6-2c2aab74f69d",
    "data": [
      {
        "text": "Deseo unos burritos",
        "userDefined": false
      }
    ],
    "isTemplate": false,
    "count": 0,
    "lang": "en",
    "updated": 0
  },
  {
    "id": "b5d4aa07-a723-40a8-9468-333a772a7d78",
    "data": [
      {
        "text": "Que burritos tienes",
        "userDefined": false
      }
    ],
    "isTemplate": false,
    "count": 0,
    "lang": "en",
    "updated": 0
  },
  {
    "id": "3856e3b3-59be-40ac-ad0f-52dc3c4e683b",
    "data": [
      {
        "text": "¿Qué burritos venden?",
        "userDefined": false
      }
    ],
    "isTemplate": false,
    "count": 0,
    "lang": "en",
    "updated": 0
  }
]