[
  {
    "id": "ec3307b1-040f-4a26-8e7e-9791ea9e1710",
    "data": [
      {
        "text": "me vendes un burrito de tortilla de maíz",
        "userDefined": false
      }
    ],
    "isTemplate": false,
    "count": 0,
    "lang": "en",
    "updated": 0
  },
  {
    "id": "9c86c8c9-99ef-45ee-b720-23c6a823e8b9",
    "data": [
      {
        "text": "me vendes un burrito de pollo",
        "userDefined": false
      }
    ],
    "isTemplate": false,
    "count": 0,
    "lang": "en",
    "updated": 0
  },
  {
    "id": "715b5ade-a193-451a-8b32-67bcf6ee8308",
    "data": [
      {
        "text": "me vendes un burrito de cerdo",
        "userDefined": false
      }
    ],
    "isTemplate": false,
    "count": 0,
    "lang": "en",
    "updated": 0
  },
  {
    "id": "4f1b3ac3-42d5-4068-ad77-1422ff8ebd1c",
    "data": [
      {
        "text": "me vendes un burrito vegetariano",
        "userDefined": false
      }
    ],
    "isTemplate": false,
    "count": 0,
    "lang": "en",
    "updated": 0
  },
  {
    "id": "36a3129d-6862-403f-b5ce-fec5177e7ff4",
    "data": [
      {
        "text": "me vendes un burrito de frijoles",
        "userDefined": false
      }
    ],
    "isTemplate": false,
    "count": 0,
    "lang": "en",
    "updated": 0
  },
  {
    "id": "eff6e68e-b24a-40f6-b495-5539ea133c63",
    "data": [
      {
        "text": "me vendes un burrito de carne",
        "userDefined": false
      }
    ],
    "isTemplate": false,
    "count": 0,
    "lang": "en",
    "updated": 0
  }
]